S. No.,District,Village,Ownership,Area,Lat ,Long
1,East_Delhi,Chandrawli shahdarra,DDA,,28.670635,77.2922264
2,East_Delhi,Chilla saroda khaddar,BDO,,28.59208,77.2980842
3,East_Delhi,Chilla saroda Banger,DDA,,28.5928267,77.2995953
4,East_Delhi,"Dallu pura (4)
(1) DVB-BDO
(2) DP-BDO",DDA,15900,28.6033889,77.3228011
5,East_Delhi,"Gharoli (7) (a) to
(d) and (e) to (g)",DDA,14382,28.6155653,77.3291053
6,East_Delhi,Gharonda neemka khadar,BDO,,28.6049611,77.2894778
7,East_Delhi,Gharonda neemka nangar,DDA,,0,0
8,East_Delhi,Gharoda neemka bhangar,DDA,1896.975,28.6135581,77.2886281
9,East_Delhi,"Ghazipur F/74(4)
(1) Bus Stand
(2) Ench villagers
(3) Alloted to Delhi agricultute marketing board (1 to 3 allotted by BDO)",DDA,15000,28.63624,77.320675
10,East_Delhi,"Ghazipur F/74(4)
(1) Bus Stand
(2) Ench villagers
(3) Alloted to Delhi agricultute marketing board (1 to 3 allotted by BDO)",DDA,6620,28.6330528,77.3223125
11,East_Delhi,"Ghazipur F/74(4)
(1) Bus Stand
(2) Ench villagers
(3) Alloted to Delhi agricultute marketing board (1 to 3 allotted by BDO)",DDA,6200,28.6331472,77.3221611
12,East_Delhi,"Ghazipur F/74(4)
(1) Bus Stand
(2) Ench villagers
(3) Alloted to Delhi agricultute marketing board (1 to 3 allotted by BDO)",MCD,379.395,28.63505,77.3206028
13,East_Delhi,"Ghazipur F/74(4)
(1) Bus Stand
(2) Ench villagers
(3) Alloted to Delhi agricultute marketing board (1 to 3 allotted by BDO)",DDA,2318.525,28.6294044,77.3054289
14,East_Delhi,"Ghazipur F/74(4)
(1) Bus Stand
(2) Ench villagers
(3) Alloted to Delhi agricultute marketing board (1 to 3 allotted by BDO)",DDA,3793.95,28.6266361,77.3240842
15,East_Delhi,Hasanpur F/74,DDA,,28.6352881,77.3077292
16,East_Delhi,Kondli WB Under the possession MCD staff quarters,DJB,1011.72,28.6123594,77.3126489
17,East_Delhi,Kondli WB Under the possession MCD staff quarters,DJB,2529.3,28.6151047,77.3243656
19,East_Delhi,Kaithwara F/66,DDA,,28.8068914,76.9777078
20,East_Delhi,Karkarduma F/74(2),DDA,1600,28.6635967,77.3025325
21,East_Delhi,Karkarduma F/74(2),DDA,3500,28.6491211,77.3040511
22,East_Delhi,Khichripur F/74 (4),DDA,1875,28.6224936,77.3152781
23,East_Delhi,Khichripur F/74 (4),DDA,1500,28.6240678,77.31275
24,East_Delhi,Khichripur F/74 (4),DDA,1000,28.6151272,77.3058364
25,East_Delhi,Khureji Khas F/74(3)W.B.,DDA,1601.89,28.7119542,77.25264
26,East_Delhi,Khureji Khas F/74(3)W.B.,DDA,1686.2,28.710135,77.25201
27,East_Delhi,Khureji Khas F/74(3)W.B.,DDA,3456.71,28.7099028,77.2514581
28,East_Delhi,Kotla F/89,DDA,1686.2,28.6096158,77.2942589
29,East_Delhi,Mandawali Fazilpur,MCD,25293,28.6298442,77.2958528
30,East_Delhi,Mandawali Fazilpur,DDA,885.255,28.6397511,77.3021558
31,East_Delhi,Mandawali Fazilpur,DDA,13784.685,28.6406461,77.2999281
32,East_Delhi,Mandawali Fazilpur,DDA,1011.72,28.6290861,77.2932508
33,East_Delhi,Saleempura,BDO,,28.6686722,77.2570619
36,East_Delhi,Shakarpur baramad,DDA,,28.6213203,77.2784894
38,East_Delhi,Shakarpur Khas F/74,DDA,1138.185,28.6304647,77.2751822
39,East_Delhi,Shakarpur Khas F/75,DDA,7292.815,28.6305667,77.2803539
40,East_Delhi,Shakarpur Khas F/76,DDA,1011.72,28.6305297,77.281065
41,East_Delhi,Shakarpur Khas F/77,DDA,632.325,28.6312331,77.2822906
42,East_Delhi,Shakarpur Khas F/78,DDA,505.86,28.6291706,77.2800406
43,East_Delhi,Shakarpur Khas F/79,DDA,632.325,28.62755,77.2786525
44,East_Delhi,"NH-24 I.P.
Extension (1)",DDA,20000,28.6241053,77.2858375
45,East_Delhi,Sanjay Lake (1),DDA,170000,28.6145094,77.3019853
46,East_Delhi,Vinod Nagar (3),DDA,6600,28.6242458,77.2882586
49,East_Delhi,Shastri Park (2),DDA,,28.6693172,77.2597558
50,East_Delhi,Nand Nagari (2) Mandoli,DDA,34027,28.698145,77.3153458
51,East_Delhi,Nand Nagari (2) Mandoli,DDA,,28.6999483,77.3137436
52,East_Delhi,Sunder Nagari (1),DDA,1500,28.6944083,77.3216914
53,North_East_Delhi,Babar pur (2),BDO,2065.595,28.6937403,77.2811933
54,North_East_Delhi,Babar pur (2),DDA,843.1,28.6937439,77.2816114
55,North_East_Delhi,Babar pur (2),BDO,2740.075,28.6880267,77.2818836
58,North_East_Delhi,Biharipur (1),DDA,,28.7218683,77.2574381
59,North_East_Delhi,Ghonda Gujran banger,DDA,9231.945,28.6955028,77.2714317
60,North_East_Delhi,Ghonda Gujran banger,BDO,2655.765,28.6950125,77.270115
61,North_East_Delhi,Ghonda Gujran banger,DJB,505.86,28.6925342,77.2665503
62,North_East_Delhi,Ghonda Gujran banger,DJB,5690.925,28.6923636,77.2671803
63,North_East_Delhi,Ghonda chauhan khaddar,DDA,,28.6749794,77.2613894
64,North_East_Delhi,Ghonda gujran khaddar,DDA,,28.6896842,77.2532558
65,North_East_Delhi,Gokulpur,BDO,1854.82,28.7046522,77.2878428
66,North_East_Delhi,Gokulpur,BDO,758.79,0,77.2967644
67,North_East_Delhi,Gokulpur,BDO,505.86,28.7037847,77.2968489
68,North_East_Delhi,Garhi mandoo,BDO,,28.7005781,77.2499044
71,North_East_Delhi,Jafarbad,BDO,,28.6796225,77.2745317
72,North_East_Delhi,Jeevenpur    @ Johripur (2),BDO,1053.875,28.7195136,77.2835858
73,North_East_Delhi,Jeevenpur    @ Johripur (2),BDO,2360.68,28.7194997,77.2832167
77,North_East_Delhi,Karawal nagar,BDO,2107.75,28.7274831,77.2675892
78,North_East_Delhi,Karawal nagar,BDO,4046.88,28.7271172,77.2692619
82,North_East_Delhi,Mirpur turk,BDO,,28.7102411,77.2625939
83,North_East_Delhi,Mustafabad,BDO,23691.11,28.7101653,77.2720175
86,North_East_Delhi,Maujpur F/74 (3),MCD,505.86,28.6912981,77.2726725
88,North_East_Delhi,Maujpur F/74 (3),MCD,969.565,28.6911453,77.2726867
89,North_East_Delhi,Maharaja surajmal park,DDA,7500,28.6626706,77.3015556
93,North_East_Delhi,Sabahpur Delhi,BDO,,28.7470564,77.2225989
94,North_East_Delhi,Sabahpur Shahdara (1),BDO,4299.81,28.7508272,77.2571544
95,North_East_Delhi,Seelam pur F/74(3) (1) DP- BDO,MCD,129499.52,28.6711583,77.2713203
98,North_East_Delhi,Saqdarpur,DDA,,28.6817975,77.2906981
101,North_East_Delhi,Ziauddenpur,BDO,,28.697875,77.2714556
102,North_Delhi,Akbarpur majra,BDO,5480.15,28.8349006,77.1818031
103,North_Delhi,Akbarpur majra,BDO,1559.735,28.8369378,77.1838931
104,North_Delhi,Akbarpur majra,BDO,800.945,28.8277775,77.1861892
105,North_Delhi,Alipur,BDO,16018.9,28.7996667,77.1361414
106,North_Delhi,Auchandi,BDO,4426.275,28.8198264,77.0001978
107,North_Delhi,Auchandi,BDO,8557.465,28.8208864,76.9989142
108,North_Delhi,Auchandi,BDO,5901.7,28.8179611,76.9961947
109,North_Delhi,Auchandi,BDO,21499.05,28.8230067,76.9901986
110,North_Delhi,Bakhtawar pur,BDO,16187.52,28.8213947,77.1746553
111,North_Delhi,Bakhtawar pur,BDO,18716.82,28.8285089,77.1622914
112,North_Delhi,Bakhtawar pur,BDO,8009.45,28.8159194,77.1717069
113,North_Delhi,Bakhtawar pur,BDO,9105.48,28.8216636,77.1725453
114,North_Delhi,Bakhtawar pur,BDO,4131.19,28.8215219,77.1728772
115,North_Delhi,Bankner,BDO,12140.64,28.8496125,77.0762431
116,North_Delhi,Bankner,BDO,12140.64,28.8490967,77.0749042
117,North_Delhi,Bankner,BDO,15597.35,28.8480603,77.0725828
118,North_Delhi,Bankner,BDO,20150.09,28.8507319,77.0717931
119,North_Delhi,Bankner,BDO,168.62,28.8652992,77.0701706
120,North_Delhi,Bankner,BDO,210.775,28.8549836,77.0767853
121,North_Delhi,Bankner,BDO,252.93,28.8548017,77.07394
122,North_Delhi,Bankner,BDO,252.93,28.8502853,77.0768106
123,North_Delhi,Bajitpur thakran,BDO,8093.76,28.8040919,76.9970153
124,North_Delhi,Bajitpur thakran,BDO,4805.67,28.8008158,76.998045
125,North_Delhi,Bajitpur thakran,BDO,7334.97,28.8081228,76.9992428
126,North_Delhi,Bajitpur thakran,BDO,3962.57,28.7844403,77.0018725
127,North_Delhi,Bawana,BDO,9695.65,28.7994817,77.036295
128,North_Delhi,Bawana,BDO,8009.45,28.8074172,77.0299908
129,North_Delhi,Bawana,BDO,4046.88,28.7988028,77.0277144
130,North_Delhi,Bawana,BDO,6028.165,28.8030472,77.0345844
131,North_Delhi,Bawana,BDO,3203.78,28.7981781,77.0408847
132,North_Delhi,Bawana,BDO,1348.96,28.7901444,77.0281217
133,North_Delhi,Bawana,BDO,2149.905,28.7967758,77.0292711
134,North_Delhi,Bawana,BDO,5606.615,28.79403,77.0360992
135,North_Delhi,Bawana,BDO,8304.535,28.7942753,77.0358939
136,North_Delhi,Budhpur bizapur,BDO,6829.11,28.7818964,77.1363992
138,North_Delhi,Daryapur kalan,BDO,16735.535,28.8180078,77.0135739
139,North_Delhi,Daryapur kalan,BDO,30730.995,28.8128578,77.0126989
140,North_Delhi,Daryapur kalan,BDO,3035.16,28.8228625,77.0127392
141,North_Delhi,Daryapur kalan,BDO,8093.76,28.8174775,77.008175
142,North_Delhi,Daryapur kalan,BDO,1812.665,28.8124161,77.0076192
143,North_Delhi,Ghari khusro,BDO,18548.2,28.7868267,77.1820656
144,North_Delhi,Ghogha,BDO,14796.405,28.8310367,77.0466156
145,North_Delhi,Ghogha,BDO,4679.205,28.8312053,77.0500594
146,North_Delhi,Hamid pur,BDO,8262.38,28.8283383,77.1518528
147,North_Delhi,Hamid pur,BDO,9189.79,28.8296644,77.1493989
148,North_Delhi,Hamid pur,BDO,632.325,28.8291236,77.1487739
150,North_Delhi,Harewali,BDO,8304.535,28.8380794,77.0151478
151,North_Delhi,Harewali,BDO,2192.06,28.8376131,77.0144081
152,North_Delhi,Harewali,BDO,843.1,28.8370828,77.014425
153,North_Delhi,Harewali,BDO,8093.76,28.8350072,77.0088906
154,North_Delhi,Hiranki,BDO,10665.215,28.800835,77.1812869
155,North_Delhi,Hiranki,BDO,8726.085,28.8069842,77.1762358
156,North_Delhi,Holambi Kalan,BDO,12477.88,28.8080747,77.0960172
157,North_Delhi,Holambi Kalan,BDO,12477.88,28.8083881,77.0987639
158,North_Delhi,Holambi khurd,BDO,36590.54,28.7957203,77.1022664
159,North_Delhi,Holambi khurd,BDO,16103.21,28.7965303,77.0934358
160,North_Delhi,Ibrahimpur,BDO,2950.85,28.7754514,77.1789975
161,North_Delhi,Ibrahimpur,BDO,3751.795,28.7739364,77.1769994
162,North_Delhi,Jindpur,BDO,1517.58,28.8019067,77.1610539
163,North_Delhi,Jindpur,BDO,1475.425,28.7931942,77.1552253
165,North_Delhi,Katewara,BDO,16187.52,28.8066025,76.9775333
166,North_Delhi,Katewara,BDO,4046.88,28.79883,76.9776542
167,North_Delhi,Katewara,BDO,5943.855,28.7999297,76.9820331
168,North_Delhi,Katewara,BDO,16609.07,28.8060494,76.9699417
169,North_Delhi,Khera kalan,BDO,22848.01,28.7707797,77.1197311
179,North_Delhi,Khera khurd,BDO,24281.28,28.7755639,77.0914806
180,North_Delhi,Khera khurd,BDO,7292.815,28.7812831,77.0954803
181,North_Delhi,Khera khurd,DDA,6491.87,28.7698072,77.0843628
182,North_Delhi,Khera khurd,BDO,421.55,28.7737372,77.0925956
183,North_Delhi,Lam Pur,BDO,969.565,28.8603786,77.0580639
184,North_Delhi,Lam Pur,BDO,4468.43,28.8576975,77.0678156
185,North_Delhi,Lam Pur,BDO,2866.54,28.8495742,77.0659681
186,North_Delhi,Lam Pur,BDO,4046.88,28.8489714,77.0664425
187,North_Delhi,Lam Pur,BDO,4046.88,28.8489364,77.0658364
188,North_Delhi,Lam Pur,BDO,1096.03,28.8485656,77.0663633
189,North_Delhi,Lam Pur,BDO,295.085,28.8495469,77.0668758
190,North_Delhi,Lam Pur,BDO,1728.355,28.845645,77.0565614
191,North_Delhi,Lam Pur,BDO,126.465,28.8506444,77.0677106
192,North_Delhi,Lam Pur,BDO,210.775,28.8504422,77.0677244
194,North_Delhi,Lam Pur,BDO,5522.305,28.8522961,77.0644319
195,North_Delhi,Libas pur,BDO,1981.285,28.7559594,77.1457425
196,North_Delhi,Libas pur,BDO,14290.545,28.7515406,77.1367181
197,North_Delhi,Mohd pur ramjanpur,BDO,,28.8091442,77.1871611
198,North_Delhi,Mungesh pur,BDO,10833.835,28.8156289,76.9734583
199,North_Delhi,Mungesh pur,BDO,4046.88,28.8238233,76.973995
200,North_Delhi,Mungesh pur,BDO,4046.88,28.8233797,76.9738836
201,North_Delhi,Mungesh pur,BDO,5733.08,28.8168892,76.9757483
202,North_Delhi,Nangal Thakran,BDO,19770.695,28.7955322,77.0115564
203,North_Delhi,Nangal Thakran,BDO,7882.985,28.7984939,77.0086267
204,North_Delhi,Nangal Thakran,BDO,14501.32,28.8119989,77.0026739
205,North_Delhi,Nangal Thakran,BDO,20529.485,28.8072014,77.0099011
206,North_Delhi,Nangal Thakran,BDO,4089.035,28.7968597,77.0247125
209,North_Delhi,Narela,MCD,6660.49,28.8547786,77.0951894
210,North_Delhi,Narela,BDO,24702.83,28.8518067,77.0872486
211,North_Delhi,Narela,MCD,5522.305,28.8507214,77.0948622
212,North_Delhi,Naya bans,BDO,1559.735,28.7834222,77.0895672
213,North_Delhi,Narela,BDO,4932.135,28.7859158,77.0942953
214,North_Delhi,Naya bans,BDO,6112.475,28.789885,77.0687944
215,North_Delhi,Narela,BDO,13784.685,28.783105,77.0959889
216,North_Delhi,Naya bans,BDO,6112.475,28.7898847,77.0908364
219,North_Delhi,Pehladpur bangar,BDO,9189.79,28.7508444,77.0760917
220,North_Delhi,Pehladpur bangar,BDO,7882.985,28.7477389,77.0800694
221,North_Delhi,Pehladpur bangar,BDO,8262.38,28.7537028,77.0782583
222,North_Delhi,Pooth khurd,BDO,6702.645,28.7708833,77.0512586
223,North_Delhi,Pooth khurd,BDO,22848.01,28.774245,77.0489194
225,North_Delhi,Harsh Vihar (village Saleempur majra madipur F/74),DDA,9996,28.6953739,77.1319397
226,North_Delhi,Purana Quila - Baoli,ASI,675,28.6086767,77.2434397
228,North_Delhi,Prasad Nagar,DDA,2800,28.6466106,77.1780208
229,North_Delhi,Sanooth,BDO,30520.22,28.8142625,77.0692914
230,North_Delhi,Shabad daulat pur,BDO,5564.46,28.7450219,77.1104264
231,North_Delhi,Shabad daulat pur,BDO,11255.385,28.7418236,77.1108514
232,North_Delhi,Shabad daulat pur,DDA,4594.895,28.7497325,77.1057581
233,North_Delhi,Singhola,BDO,7672.21,28.8395694,77.1207892
234,North_Delhi,Singhola,BDO,5733.08,28.8444878,77.1213661
235,North_Delhi,Singhola,BDO,168.62,28.8510208,77.1249261
236,North_Delhi,Singhu,BDO,8388.845,28.8574169,77.1346394
237,North_Delhi,Singhu,BDO,7630.055,28.8603317,77.1340425
238,North_Delhi,Singhu,BDO,3035.16,28.8520975,77.1365194
239,North_Delhi,Siraspur,DDA,12224.95,28.7615444,77.1364944
240,North_Delhi,Siraspur,BDO,9653.495,28.7557278,77.1315528
241,North_Delhi,Siraspur,BDO,8557.465,28.7599269,77.1282669
242,North_Delhi,Siraspur,BDO,210.775,28.7484739,77.1298861
243,North_Delhi,Sultanpur dabas,BDO,6576.18,28.7687831,77.0409633
244,North_Delhi,Sultanpur dabas,BDO,4299.81,28.7625781,77.03899
245,North_Delhi,Sultanpur dabas,BDO,25756.705,28.7650303,77.0377472
246,North_Delhi,Sungar pur,BDO,5227.22,28.8178181,77.2118892
247,North_Delhi,Tajpur kalan,BDO,5733.08,28.8357739,77.1673939
248,North_Delhi,Tajpur kalan,BDO,5606.615,28.8393236,77.1721778
249,North_Delhi,Tajpur kalan,BDO,6639.4125,28.8391289,77.1690058
250,North_Delhi,Tehri daulat pur,BDO,67448,28.7916083,77.1977767
251,North_Delhi,Tigi pur,BDO,1011.72,28.8250322,77.1880361
252,North_Delhi,Tigi pur,BDO,4679.205,28.8250894,77.187525
253,North_Delhi,Tigi pur,MCD,4637.05,28.8220608,77.1890647
254,North_Delhi,Tikri khurd,DDA,4046.88,28.8344067,77.1260092
255,North_Delhi,Tikri khurd,DDA,8431,28.8295936,77.1251831
258,North_West Delhi,Avantika,DDA,2000,28.6973806,77.097075
259,North_West Delhi,Avantika,DDA,15000,28.6980028,77.0968389
260,North_West Delhi,Azad pur F/74,DDA,9316.255,28.7126117,77.1776506
261,North_West Delhi,Azad pur F/75,DDA,1138.185,28.7080214,77.1754483
262,North_West Delhi,Azad pur F/76,DDA,1011.72,28.7275431,77.1891053
263,North_West Delhi,Bakoli,BDO,11803.4,28.8205753,77.1483478
264,North_West Delhi,Barwala,BDO,22173.53,28.7638631,77.0615225
265,North_West Delhi,Barwala,BDO,7166.35,28.7640431,77.0627047
266,North_West Delhi,Barwala,BDO,2192.06,28.7592297,77.0656486
267,North_West Delhi,Barwala,BDO,5817.39,28.7585192,77.0634336
268,North_West Delhi,Barwala,BDO,2529.3,28.7557011,77.0693878
269,North_West Delhi,Barwala,BDO,22173.53,28.7518964,77.0620269
270,North_West Delhi,Begumpur,BDO,16988.465,28.7237867,77.0671267
271,North_West Delhi,Begumpur,BDO,3372.4,28.7274931,77.0699367
272,North_West Delhi,Bhalswa jahangirpur,DUSIB,11381.85,28.7327811,77.16637
273,North_West Delhi,Bhalswa jahangirpur,DDA,456014,28.7256342,77.1793086
274,North_West Delhi,Bhalswa jahangirpur,DDA,4426.275,28.7387983,77.1770658
275,North_West Delhi,Bhalswa jahangirpur,DDA,4847.825,28.7360431,77.1744611
276,North_West Delhi,Bhorgarh Award no.9/04-05 DDA,DSIIDC,5564.46,28.8314844,77.0846953
277,North_West Delhi,Bhorgarh Award no.9/04-05 DDA,DSIIDC,5564.46,28.8287944,77.0899667
278,North_West Delhi,Budhanpur Mazra,BDO,17915.875,28.7726825,76.9989178
279,North_West Delhi,Budhanpur Mazra,BDO,8093.76,28.7574617,77.0030917
280,North_West Delhi,Budhanpur Mazra,BDO,10117.2,28.7546358,77.0048042
281,North_West Delhi,Budhanpur Mazra,BDO,7840.83,28.7543575,77.0036481
282,North_West Delhi,Budhanpur Mazra,BDO,4510.585,28.7527956,77.0056481
283,North_West Delhi,Budhanpur Mazra,BDO,29044.795,28.7675839,77.0019178
284,North_West Delhi,Badli F/89,BDO,,28.7169525,77.1250208
285,North_West Delhi,Bharola F/74,DDA,11929.865,28.7221833,77.1797972
286,North_West Delhi,Chand pur,BDO,463.705,28.7799683,77.0076314
287,North_West Delhi,Chand pur,BDO,4257.655,28.75439,77.0063061
288,North_West Delhi,Chatesar,BDO,16187.52,28.7580972,76.9632031
289,North_West Delhi,Chatesar,BDO,84.31,28.7627494,76.9590411
290,North_West Delhi,Chatesar,BDO,126.465,28.7548947,76.9644772
291,North_West Delhi,Chaukri mubarikbad F/74,MCD,18927.595,28.6742553,77.1718444
292,North_West Delhi,Swaran Jayanti Park,DDA,10000,28.7203308,77.1181006
293,North_West Delhi,District Park Rohini,DDA,7000,28.7267253,77.1182094
294,North_West Delhi,Dhir pur F/74,DDA,28328.02,28.7223383,77.2091469
295,North_West Delhi,Dhir pur F/75,DDA,,28.7183361,77.2137056
296,North_West Delhi,Dhir pur F/76,DDA,,28.7149111,0
297,North_West Delhi,Fateh pur jat,BDO,,28.8081528,77.1919306
298,North_West Delhi,Garhi randhala,BDO,4046.88,28.7315739,76.9603592
299,North_West Delhi,Garhi randhala,BDO,8051.605,28.7297675,76.9681775
300,North_West Delhi,Ghewara,BDO,18548.2,28.6931847,76.9973639
301,North_West Delhi,Ghewara,BDO,4384.12,28.6949169,76.9984042
302,North_West Delhi,Ghewara,BDO,9822.115,28.6979353,76.9971281
303,North_West Delhi,Haider pur F/74,DDA,5353.685,28.7258433,77.1445383
304,North_West Delhi,Haider pur F/74,DDA,2529.3,28.7200469,77.1475639
305,North_West Delhi,Haider pur F/74,DDA,4552.74,28.7262231,77.1534283
306,North_West Delhi,Haider pur F/74,DDA,590.17,28.7211211,77.1477692
307,North_West Delhi,Haider pur F/74,DDA,6407.56,28.7213728,77.1542822
308,North_West Delhi,Haider pur F/74,DDA,3836.105,28.7134925,77.1452742
309,North_West Delhi,Jat Khore,BDO,5437.995,28.7891108,76.9767178
310,North_West Delhi,Jat Khore,BDO,6491.87,28.7846961,76.9855775
311,North_West Delhi,Jaunti,BDO,12477.88,28.7472425,76.9668156
312,North_West Delhi,Jaunti,BDO,1770.51,28.7635572,76.9820469
313,North_West Delhi,Jaunti,BDO,1222.495,28.7554744,76.9542069
314,North_West Delhi,Jaunti,BDO,2149.905,28.7396686,76.9659536
315,North_West Delhi,Jaunti,BDO,8220.225,28.7559603,76.9770133
316,North_West Delhi,Jaunti,BDO,24744.985,28.7517844,76.9617094
317,North_West Delhi,Jaunti,BDO,8178.07,28.7373242,76.9603261
318,North_West Delhi,Kanjhawla,BDO,4637.05,28.7324289,77.0021047
319,North_West Delhi,Kanjhawla,BDO,10117.2,28.7332403,77.0000508
320,North_West Delhi,Kanjhawla,BDO,16862,28.7354181,77.0074383
321,North_West Delhi,Kanjhawla,BDO,7587.9,28.7361383,77.00152
322,North_West Delhi,Kanjhawla,BDO,156816.6,28.7400306,77.0057481
324,North_West Delhi,Karala,BDO,3498.865,28.7369672,77.0489078
s,North_West Delhi,Karala,BDO,16187.52,28.7347239,77.0283469
326,North_West Delhi,Karala,BDO,9527.03,28.7330747,77.0273983
327,North_West Delhi,Karala,BDO,98895.63,28.7389458,77.0361272
328,North_West Delhi,Kirari & Kirari Suleman Nagar,BDO,42955.945,28.6981958,77.0516983
329,North_West Delhi,Kirari & Kirari Suleman Nagar,BDO,4004.725,28.6964736,77.0555661
330,North_West Delhi,Kirari & Kirari Suleman Nagar,BDO,6618.335,28.7024522,77.0630969
331,North_West Delhi,Kirari & Kirari Suleman Nagar,BDO,9105.48,28.6957786,77.0603667
332,North_West Delhi,Kirari & Kirari Suleman Nagar,BDO,56572.01,28.6979322,77.0601414
333,North_West Delhi,Lad Pur,BDO,11044.61,28.7387536,77.0005578
334,North_West Delhi,Lad Pur,BDO,8431,28.7365194,76.9973186
335,North_West Delhi,Lad Pur,BDO,10665.215,28.7365767,76.9944197
336,North_West Delhi,Madanpur dabas,BDO,9105.48,28.7135706,77.0241203
337,North_West Delhi,Madanpur dabas,BDO,7756.52,28.7137022,77.0213864
338,North_West Delhi,Madanpur dabas,BDO,18253.115,28.7169697,77.0290744
339,North_West Delhi,"Mamoor pur Award no
202/86-87 DDA",DDA,,28.8572361,77.0940967
340,North_West Delhi,"Mamoor pur Award no
202/86-87 DDA",DDA,7419.28,28.8619947,77.0967533
341,North_West Delhi,Mohd. Pur Maijri,BDO,13784.685,28.7256942,77.0372833
342,North_West Delhi,Mohd. Pur Maijri,DJB,28033.075,28.7291258,77.0330806
343,North_West Delhi,Mohd. Pur Maijri,BDO,11297.54,28.7273103,77.0400542
344,North_West Delhi,Mubarikpur dabas,BDO,885.255,28.7218225,77.046255
345,North_West Delhi,Mubarikpur dabas,BDO,16187.52,28.7120147,77.0367081
346,North_West Delhi,Mubarikpur dabas,BDO,1854.82,28.7071917,77.0384694
347,North_West Delhi,Mubarikpur dabas,BDO,9105.48,28.7085058,77.0394942
348,North_West Delhi,Mubarikpur dabas,BDO,4046.88,28.7114406,77.0366861
349,North_West Delhi,Mubarikpur dabas,BDO,7756.52,28.7119172,77.0454164
350,North_West Delhi,Mubarikpur dabas,BDO,18253.115,28.7046344,77.0358392
351,North_West Delhi,Mukhmail pur,Forest,843.1,28.7903883,77.1625372
352,North_West Delhi,Mukhmail pur,Forest,1686.2,28.7947875,77.1642183
353,North_West Delhi,Mangol pur kalan F/89,DDA,4046.88,28.6991783,77.1109936
354,North_West Delhi,Mangol pur kalan F/90,DDA,11803.4,28.6965942,77.1082494
355,North_West Delhi,Mangol pur kalan F/91,DDA,4257.655,28.6976633,77.1160839
356,North_West Delhi,Mangol pur kalan F/92,DDA,6112.475,28.7030694,77.1114128
357,North_West Delhi,Mangol pur kalan F/93,DDA,,28.695795,77.1058108
358,North_West Delhi,"Mangol pur khurd F/74,89 (Awantika)
",DDA,43461.805,28.7056772,77.0927292
359,North_West Delhi,"Mangol pur khurd F/74,89 (Awantika)
",DUSIB,8599.62,28.6974889,77.0934286
360,North_West Delhi,"Mangol pur khurd F/74,89 (Awantika)
",DUSIB,4384.12,28.6899747,77.0907339
361,North_West Delhi,"Mangol pur khurd F/74,89 (Awantika)
",DDA,8557.465,28.6961033,77.0957225
362,North_West Delhi,Nithari,BDO,22510.77,28.7072122,77.0565019
363,North_West Delhi,Nithari,BDO,8726.085,28.7079997,77.0537692
364,North_West Delhi,Nithari,BDO,4046.88,28.70797,77.0551289
365,North_West Delhi,Nithari,BDO,3962.57,28.7080547,77.055645
366,North_West Delhi,Nithari,BDO,4046.88,28.7042944,77.0466731
367,North_West Delhi,Nithari,BDO,4046.88,28.7045808,77.0537408
368,North_West Delhi,Nizampur rasidpur,BDO,9189.79,28.720605,76.96278
369,North_West Delhi,Nizampur rasidpur,BDO,12140.64,28.7194764,76.9648856
370,North_West Delhi,Nizampur rasidpur,BDO,7292.815,28.7192208,76.9595461
371,North_West Delhi,Nizampur rasidpur,BDO,16187.52,28.7241264,76.9623097
372,North_West Delhi,Nizampur rasidpur,BDO,4046.88,28.7185078,76.9557728
373,North_West Delhi,Nizampur rasidpur,BDO,2571.455,28.7201303,76.9638064
374,North_West Delhi,Nizampur rasidpur,BDO,4046.88,28.7195203,76.9653767
375,North_West Delhi,Nizampur rasidpur,BDO,4046.88,28.7188783,76.9653469
376,North_West Delhi,Nizampur rasidpur,BDO,5817.39,28.7141633,76.9613144
377,North_West Delhi,Nizampur rasidpur,BDO,11255.385,28.7190547,76.9572281
378,North_West Delhi,Nizampur rasidpur,BDO,3709.64,28.7145225,76.9595011
379,North_West Delhi,Nahar pur F/89,DDA,548.015,28.7035808,77.1196944
380,North_West Delhi,Pansali Award no. 14/05-06,DDA,14164.08,28.7334986,77.0739547
381,North_West Delhi,Pansali Award no. 14/05-07,DDA,,28.7296886,77.08062
382,North_West Delhi,Pooth Kalan,DDA,19939.315,28.7163067,77.0750367
383,North_West Delhi,Pitampura,DDA,40510,28.6991333,77.1284889
384,North_West Delhi,Punjab Khore,BDO,16735.535,28.7727319,76.9609842
385,North_West Delhi,Punjab Khore,BDO,5943.855,28.7774669,76.9622797
386,North_West Delhi,Punjab Khore,BDO,885.255,28.7779419,76.9539567
387,North_West Delhi,Pipalthala F/89,PWD,11466.16,28.7150194,77.1671472
388,North_West Delhi,Qutab Garh,BDO,5227.22,28.7954472,76.9610033
389,North_West Delhi,Qutab Garh,BDO,9822.115,28.7988469,76.9554078
390,North_West Delhi,Qutab Garh,BDO,,28.8044556,76.9583856
391,North_West Delhi,Rani Khera,DDA,15091.49,28.7101578,77.0188789
392,North_West Delhi,Rani Khera,DDA,3625.33,28.7047811,77.0296547
393,North_West Delhi,Rani Khera,DDA,2655.765,28.7092253,77.0218319
394,North_West Delhi,Rani Khera,DDA,8346.69,28.7048022,77.0220656
395,North_West Delhi,Rasul pur,BDO,5016.445,28.7047808,77.0212072
396,North_West Delhi,Rasul pur,BDO,4637.05,28.7068789,77.0197419
397,North_West Delhi,Rasul pur,BDO,4594.895,28.7054103,77.0167147
398,North_West Delhi,Rasul pur,BDO,2318.525,28.7000597,77.0196417
399,North_West Delhi,Rajpur Chhawni F/66,DDA,,28.6921833,77.192575
400,North_West Delhi,Rithala F/89,DDA,63316.81,28.7158519,77.1017044
401,North_West Delhi,Salahpur Mazra,BDO,12140.64,28.7730767,76.9912219
402,North_West Delhi,Salahpur Mazra,BDO,3751.795,28.77163,76.9951156
403,North_West Delhi,Salahpur Mazra,BDO,2487.145,28.7730328,76.9984131
404,North_West Delhi,Salahpur Mazra,BDO,25883.17,28.7690819,76.9950933
405,North_West Delhi,Sawada,BDO,32796.59,28.7098369,76.9857717
406,North_West Delhi,Sawada,BDO,8599.62,28.7123061,76.9887158
407,North_West Delhi,Sawada,BDO,4426.275,28.7085125,76.9856922
408,North_West Delhi,Sawada,BDO,10960.3,28.7051636,76.9800972
409,North_West Delhi,Sawada,BDO,7334.97,28.7040961,76.9759919
410,North_West Delhi,Sahipur,DDA,,28.7146792,77.159875
411,North_West Delhi,Sultanpur mazra,BDO,6576.18,28.6935981,77.0731483
412,North_West Delhi,Sultanpur mazra,BDO,4299.81,28.6921556,77.0871111
413,North_West Delhi,Sultanpur mazra,BDO,25756.705,28.69672,77.0794539
414,North_West Delhi,Samay pur F/89,MCD,4046.88,28.7487875,77.1453061
415,North_West Delhi,Samay pur F/90,DDA,4299.81,28.7434194,77.1447222
416,North_West Delhi,Samay pur F/91,DDA,1180.34,28.7468644,77.1385319
417,North_West Delhi,Sakur pur F/74,DDA,463.705,28.6849606,77.1411747
418,North_West Delhi,Sakur pur F/75,MCD,885.255,28.6828433,77.1408956
419,North_West Delhi,Sakur pur F/76,DDA,14290.545,28.6783072,77.1537992
422,North_West Delhi,Wazirpur,DDA,16187.52,28.6912911,77.1713028
424,South_Delhi,Asola,BDO,18506.045,28.453245,77.2089611
425,South_Delhi,Asola,BDO,84.31,28.4495978,77.1982436
426,South_Delhi,Asola,BDO,1601.89,28.4478217,77.2069933
427,South_Delhi,Asola,Forest,12182.795,28.4414103,77.2090489
428,South_Delhi,Asola,BDO,27274.285,28.4588256,77.1813972
429,South_Delhi,Asola,BDO,1433.27,28.4570122,77.1864106
430,South_Delhi,Asola,BDO,590.17,28.447655,77.2128414
431,South_Delhi,Asola,BDO,84.31,28.4482342,77.2017625
432,South_Delhi,Asola,BDO,1096.03,28.4474686,77.2088361
433,South_Delhi,Asola,BDO,16566.915,28.4482672,77.2118975
434,South_Delhi,Asola,BDO,19180.525,28.4505908,77.2047097
435,South_Delhi,Asola,Forest,3498.865,28.4382942,77.2284928
436,South_Delhi,Aya nagar,BDO,17705.1,28.4714608,77.1295692
437,South_Delhi,Aya nagar,BDO,16313.985,28.4759381,77.1305828
438,South_Delhi,Aya nagar,BDO,337.24,28.4751836,77.1334667
439,South_Delhi,Adhchini F/66,DDA,19897.16,28.5401306,77.1914039
440,South_Delhi,Arab ki sarai - Baoli,ASI,55,28.5909125,77.2470867
441,South_Delhi,Bhati,BDO,1812.665,28.4348781,77.1936817
442,South_Delhi,Bhati,Forest,99317.18,28.4255903,77.1899572
443,South_Delhi,Bhati,BDO,1812.665,28.4273503,77.1982947
444,South_Delhi,Begum pur F/66,DDA,,28.5329517,77.2042369
445,South_Delhi,Ber sarai F/74,DDA,,28.5448528,77.1749111
446,South_Delhi,Chandan Hulla,BDO,1138.185,28.4691567,77.1819253
447,South_Delhi,Chattar pur,BDO,65803.955,28.5063117,77.1813033
448,South_Delhi,Chattar pur,BDO,5943.855,28.5049961,77.1786783
449,South_Delhi,Chattar pur,BDO,2515178.075,28.5017092,77.1853428
450,South_Delhi,Chattar pur,MCD,7082.04,28.4890578,77.1869422
451,South_Delhi,Chirag delhi F/66,DDA,1770.51,28.5432394,77.2202678
452,South_Delhi,Chirag delhi F/67,DDA,5733.08,28.55125,77.2257667
453,South_Delhi,Dera Mandi,BDO,16566.915,28.4353414,77.1792758
454,South_Delhi,Dera Mandi,BDO,4721.36,28.4371597,77.1409364
455,South_Delhi,Devli,Forest,4889.98,28.48969,77.2210853
456,South_Delhi,Devli,BDO,15344.42,28.4941758,77.2299433
457,South_Delhi,Devli,BDO,2740.075,28.501325,77.2305742
458,South_Delhi,Devli,BDO,8852.55,28.4937189,77.2470078
459,South_Delhi,Devli,BDO,252.93,28.5010069,77.2307572
460,South_Delhi,Devli,BDO,42.155,28.5012219,77.2288458
461,South_Delhi,Devli,BDO,295.085,28.5092947,77.2124497
462,South_Delhi,Fatehpur beri,BDO,5395.84,28.4592394,77.1768203
463,South_Delhi,Fatehpur beri,BDO,1053.875,28.4378381,77.1824458
464,South_Delhi,Fatehpur beri,BDO,3035.16,28.4376272,77.1823953
465,South_Delhi,Fatehpur beri,BDO,4552.74,28.4449806,77.1786194
466,South_Delhi,Fatehpur beri,BDO,3583.175,28.4346436,77.1881522
467,South_Delhi,Gadai pur,BDO,13194.515,28.4764078,77.1559917
468,South_Delhi,Gadai pur,BDO,25841.015,28.4780222,77.1459342
469,South_Delhi,Hauz Khas,DDA,1423500,28.5530239,77.1923881
470,South_Delhi,Hauz Khas,DDA,20000,28.5530419,77.193795
471,South_Delhi,Hauz Khas,DDA,7630.055,28.5527597,77.1940347
472,South_Delhi,Hauz Khas,DDA,80000,28.5546722,77.1917989
473,South_Delhi,Hauz rani F/74,DDA,,28.5245361,77.210175
474,South_Delhi,Hazrat nizamuddin ki Baoli,ASI,658,28.5918367,77.2419494
475,South_Delhi,Humaun pur,DDA,3456.71,28.5610692,77.1955117
476,South_Delhi,Jaunapur,BDO,6534.025,28.4740369,77.1668519
477,South_Delhi,Jona pur,BDO,13152.36,28.4601736,77.1424589
478,South_Delhi,Jona pur,BDO,9569.185,28.4651539,77.1539397
479,South_Delhi,Jia Sarai F/89,DDA,1600.2,28.5472222,77.1934361
480,South_Delhi,Kalu Sarai F/66,DDA,,28.5443136,77.1987286
481,South_Delhi,Katwaria sarai F/74,DDA,24576.365,28.5380794,77.1803053
482,South_Delhi,Katwaria sarai F/75,DDA,1011.72,28.5411447,77.1865486
483,South_Delhi,Khanpur,BDO,6196.785,28.5102594,77.2285178
484,South_Delhi,Kharera Village,DDA,210.775,28.5521778,77.2054111
485,South_Delhi,Khirki,DDA,6618.335,28.5317317,77.2180639
486,South_Delhi,Khirki,DDA,1812.665,28.5351119,77.2296447
487,South_Delhi,Khirki,DDA,114282.205,28.5341478,77.2236939
488,South_Delhi,Ladha sarai F/74,DDA,7292.815,28.5106172,77.1935583
489,South_Delhi,Ladha sarai F/75,DDA,379.395,28.5102306,77.19175
490,South_Delhi,Lado sarai F/89,DDA,750,28.5285383,77.1955819
491,South_Delhi,Lado sarai F/90,DDA,1686.2,28.5213033,77.1908378
492,South_Delhi,Maidan Grahi,BDO,27316.44,28.4940692,77.2037769
493,South_Delhi,Maidan Grahi,Forest,8683.93,28.5034419,77.1927328
494,South_Delhi,Maidan Grahi,BDO,379.395,28.4842214,77.202105
495,South_Delhi,Maidan Grahi,Forest,10201.51,28.4817917,77.2094403
496,South_Delhi,Maidan Grahi,Forest,1433.27,28.4631,77.2302472
497,South_Delhi,Maidan Grahi,Forest,29213.415,28.4709233,77.2229694
498,South_Delhi,Madangir F/74,DDA,16229.675,28.5258692,77.2326378
499,South_Delhi,Masjid moth,BDO,421.55,28.5590503,77.2161253
500,South_Delhi,Masjid moth,DDA,1180.34,28.5580794,77.2172272
501,South_Delhi,Hauz-e- Samshi Mehrauli (A),ASI,2000,28.5136433,77.1775714
502,South_Delhi,Gandhak ki Baoli Mehrauli (c),ASI,2200,28.5181278,77.15595
503,South_Delhi,"Raza Ki Baoli, Village Ladha Sarai",ASI,858,28.5203772,77.1833925
504,South_Delhi,Mehrauli (kishangarh),DDA,6660.49,28.5202644,77.1661594
505,South_Delhi,Mehrauli (kishangarh),DDA,,28.5279167,77.1703667
506,South_Delhi,Mehrauli (kishangarh),DDA,,28.5319147,77.1755525
507,South_Delhi,Mehrauli (kishangarh),DDA,11086.765,28.5220111,77.1633897
508,South_Delhi,Mehrauli (kishangarh),DDA,36548.385,28.5186936,77.1694081
509,South_Delhi,Mehrauli (kishangarh),DDA,5480.15,28.52105,77.1622917
510,South_Delhi,Mehrauli (kishangarh),DDA,4173.345,28.5201733,77.1616019
511,South_Delhi,Mehrauli (kishangarh),DDA,18042.34,28.5097517,77.1420072
512,South_Delhi,Mehrauli (kishangarh),DDA,2107.75,28.5333778,77.1871222
513,South_Delhi,Qutub ki Baoli Mehrauli (B),Wakf Board,1264.65,28.52125,77.1602722
514,South_Delhi,Neb Sarai,BDO,3541.02,28.5110356,77.2008186
515,South_Delhi,Neb Sarai,BDO,885.255,28.5094936,77.2035028
516,South_Delhi,Neb Sarai,Forest,10496.595,28.4996978,77.2058231
517,South_Delhi,Neb Sarai,Forest,12857.275,28.5036872,77.2016736
518,South_Delhi,Put Sarai,DDA,,28.7742111,77.0492083
519,South_Delhi,Rajpur khurd,BDO,6576.18,28.4930358,77.1912653
520,South_Delhi,Saidabad,BDO,,28.5307,77.2884139
521,South_Delhi,Saidulajab,MCD,1391.115,28.5174575,77.2024192
522,South_Delhi,Satbari,BDO,4257.655,28.4713447,77.2074278
523,South_Delhi,Shaupur,DDA,,28.4620917,77.2094528
526,South_Delhi,Sarai shahji,BDO,,28.538775,77.2081411
527,South_Delhi,Tut Sarai,DDA,,28.5346244,77.2127244
528,South_Delhi,Sheikh Sarai F/66,DDA,2908.695,28.5433819,77.2176444
529,South_Delhi,Sheikh Sarai F/67,DDA,2192.06,28.5375317,77.2170594
530,South_Delhi,Shah pur jat,DDA,4679.205,28.5511233,77.2122181
531,South_Delhi,Shah pur jat,DDA,8051.605,28.5449742,77.2129336
532,South_Delhi,Sultanpur,BDO,18506.045,28.4948617,77.1647272
533,South_Delhi,Sultanpur,BDO,126.465,28.4950114,77.1616417
534,South_Delhi,Sultanpur,BDO,463.705,28.4902061,77.1616347
535,South_Delhi,Tigri,DDA,4552.74,28.5121872,77.2407092
536,South_Delhi,Baoli-II Tughlkabad Fort,ASI,840,28.5125572,77.2599147
537,South_Delhi,Baoli-I Tughlkabad Fort,ASI,414,28.5127722,77.2613667
538,South_Delhi,Baoli-III Tughlkabad Village,ASI,1551,28.5129667,77.267575
539,South_Delhi,Baoli-IV Tughlkabad Village,ASI,22500,28.5142528,77.2677639
540,South_Delhi,"Vasant Kunj, Opposite Sara Restaurent",DDA,6608,28.5068083,77.1439528
541,South_Delhi,"Yusuf Sarai
F/66",DDA,,28.5620667,77.2035472
542,South_Delhi,Zamrudpur F/66,DDA,12941.585,28.5558972,77.2361
543,South_East_Delhi,Aali,DDA,,28.5185722,77.3022944
544,South_East_Delhi,Bahapur,MCD,1348.96,28.5618647,77.2704692
545,South_East_Delhi,Bahapur,BDO,22974.475,28.5451542,77.2670614
546,South_East_Delhi,Bahapur,DDA,15555.195,28.54872,77.2616
547,South_East_Delhi,Badar pur F/74,DDA,7419.28,28.5127778,77.2857194
548,South_East_Delhi,Behlopur Khaddar F/66,DDA,,28.5868528,77.2597833
549,South_East_Delhi,Chakchilla,DDA,,28.57825,77.2822611
550,South_East_Delhi,Garhi jharia maria F/66,DDA,,28.5545506,77.2473917
551,South_East_Delhi,Hari nagar ashram F/66,DDA,18200,28.6298717,77.1154394
552,South_East_Delhi,Jait pur,DDA,,28.5182083,77.32705
553,South_East_Delhi,Jasola F/74,DDA,927.41,28.5488306,77.2767453
554,South_East_Delhi,Jasola F/75,DDA,67448,28.5086683,77.3269167
555,South_East_Delhi,Joga Bai F/66,DDA,,28.5631083,77.2749639
556,South_East_Delhi,"Kotla
mahigiran",DDA,,28.5400611,77.2918778
557,South_East_Delhi,Khizarabad F/66,DDA,,28.5666556,77.2684833
558,South_East_Delhi,Kilokari F/66,DDA,,28.5772936,77.2696911
559,South_East_Delhi,Kotla Mubarakpur,DDA,1348.96,28.5732206,77.2223086
560,South_East_Delhi,Kotla Mubarakpur,DDA,1138.185,28.5652089,77.2231339
561,South_East_Delhi,Meetha pur,DDA,,28.4991861,77.3158806
562,South_East_Delhi,Masih garh F/66,DDA,,28.552925,77.2776139
563,South_East_Delhi,Molar bandh,DDA,2866.54,28.501955,77.3117647
564,South_East_Delhi,Molar bandh,DDA,7419.28,28.5011442,0
565,South_East_Delhi,Molar bandh,DDA,421.55,28.5029631,77.3110983
566,South_East_Delhi,Madan pur khaddar F/74,DDA,,28.5274667,77.3158278
567,South_East_Delhi,Nangli razapur F/89,DDA,,28.5964083,77.2790611
568,South_East_Delhi,Okhla F/66,DDA,,28.5662917,77.2918194
569,South_East_Delhi,Pul pehladpur,BDO,,28.4951139,77.2812417
570,South_East_Delhi,Raipur khurd,DDA,51260.48,28.5590014,77.2261111
571,South_East_Delhi,Sarai Juliana F/66,DDA,,28.5591583,77.2726472
572,South_East_Delhi,Tehkhand F/74,DDA,927.41,28.5070856,77.2855375
573,South_East_Delhi,Tughlakabad F/74,DDA,2529.3,28.5026208,77.2533297
574,South_East_Delhi,Tughlakabad F/74,ASI,3667.485,28.5091939,77.2676081
575,South_East_Delhi,Tughlakabad F/74,DDA,168.62,28.5086708,77.2631428
576,South_East_Delhi,Tughlakabad F/74,ASI,969.565,28.514687,77.2625106
577,South_East_Delhi,Tughlakabad F/74,DDA,463.705,28.4939836,77.2475564
578,South_East_Delhi,Sarai Kalekhan F/89,DDA,,28.583435,77.2576664
579,South_East_Delhi,Tajpul,BDO,,28.4980194,77.3083611
580,South_East_Delhi,Tamoor nagar F/66,DDA,,28.572725,77.2711528
581,South_East_Delhi,Yaqut pur,DDA,8135.915,28.7018869,77.1517178
582,South_West_Delhi,Ambarhai F/02,DDA,5901.7,28.5789008,77.0491525
583,South_West_Delhi,Ambarhai F/02,DDA,4046.88,28.5742131,77.0521714
584,South_West_Delhi,Asalatpur Khawad F/66,BDO,9822.115,28.5428514,76.9474283
585,South_West_Delhi,Asalatpur Khawad F/66,BDO,6491.87,28.54632,76.9357975
586,South_West_Delhi,Bharthal,MCD,13405.29,28.5417856,77.0447675
587,South_West_Delhi,Bharthal,DDA,2023.44,28.5441569,77.054865
588,South_West_Delhi,Bharthal,DDA,6660.49,28.5449339,77.0507675
"589
",South_West_Delhi,Bharthal,MCD,16187.52,28.5420128,77.0444661
590,South_West_Delhi,Bizwasan,BDO,17620.79,28.5353972,77.0574525
591,South_West_Delhi,Bizwasan,BDO,14079.77,28.5371494,77.0466383
592,South_West_Delhi,Bizwasan,BDO,75879,28.5242917,77.068865
593,South_West_Delhi,Bakargarh,BDO,8178.07,28.5940619,76.8765203
594,South_West_Delhi,Bakargarh,BDO,4721.36,28.5954444,76.8706331
595,South_West_Delhi,Bakargarh,BDO,4974.29,28.5830503,76.8849247
596,South_West_Delhi,Badu Sarai,BDO,11381.85,28.5299556,76.9874517
597,South_West_Delhi,Badu Sarai,BDO,4046.88,28.5286256,76.9806628
598,South_West_Delhi,Badu Sarai,BDO,4426.275,28.5348839,76.9814383
599,South_West_Delhi,Badu Sarai,BDO,7882.985,28.5323772,76.9760964
600,South_West_Delhi,Bamnoli,DDA,4004.725,28.5455808,77.0331428
601,South_West_Delhi,Bamnoli,DDA,3625.33,28.5419689,77.0302244
602,South_West_Delhi,Bindapur,DDA,10833.835,28.6116386,77.0736881
603,South_West_Delhi,Bindapur,DDA,4552.74,28.6109178,77.0685306
604,South_West_Delhi,Bindapur,DDA,4384.12,28.6105864,77.0686317
605,South_West_Delhi,Chawala,BDO,16651.225,28.5668211,77.0047667
606,South_West_Delhi,Chawala,BDO,4847.825,28.5645944,77.0021119
607,South_West_Delhi,Chawala,BDO,8346.69,28.5675525,77.0086817
608,South_West_Delhi,Chawala,BDO,10370.13,28.554075,77.0017547
609,South_West_Delhi,Chawala,BDO,12520.035,28.5624408,77.007895
610,South_West_Delhi,Chawala,BDO,3541.02,28.5540028,76.9894325
611,South_West_Delhi,Chawala,BDO,10454.44,28.5650639,77.0045972
612,South_West_Delhi,Chawala,BDO,4046.88,28.5628308,77.0052119
613,South_West_Delhi,Matiala F/02,MCD,4046.88,28.6177911,77.0479472
614,South_West_Delhi,Matiala F/03,MCD,8304.535,28.6121861,77.0467342
615,South_West_Delhi,Matiala F/04,MCD,,28.6152278,77.0408944
616,South_West_Delhi,Matiala F/05,MCD,5564.46,28.61358,77.0438269
617,South_West_Delhi,Daulat pur,BDO,7334.97,28.5421853,76.9646369
618,South_West_Delhi,Daulat pur,BDO,5564.46,28.5434211,76.9554964
619,South_West_Delhi,Daulat pur,BDO,9400.565,28.5468531,76.9624847
620,South_West_Delhi,Daulat pur,BDO,5564.46,28.54571,76.9487947
621,South_West_Delhi,Darya pur Khurd,BDO,2065.595,28.5553956,76.9128025
622,South_West_Delhi,Darya pur Khurd,BDO,19770.695,28.5501342,76.9178519
623,South_West_Delhi,Darya pur Khurd,BDO,9316.255,28.5516614,76.9100367
624,South_West_Delhi,Darya pur Khurd,BDO,3456.71,28.5560047,76.9108161
625,South_West_Delhi,Dabri,DDA,46496.965,28.6081125,77.0857772
626,South_West_Delhi,Daurala,BDO,7166.35,28.508455,76.8974028
627,South_West_Delhi,Daurala,BDO,3456.71,28.5107533,76.8945692
628,South_West_Delhi,Daurala,BDO,2908.695,28.50988,76.8924614
629,South_West_Delhi,Daurala,BDO,6112.475,28.5097542,76.8854369
630,South_West_Delhi,Dhansa,BDO,9864.27,28.5523397,76.8724064
631,South_West_Delhi,Dhansa,BDO,2697.92,28.5553272,76.8736625
632,South_West_Delhi,Dhansa,BDO,8093.76,28.5548933,76.8484747
633,South_West_Delhi,Dhansa,BDO,10960.3,28.5525989,76.8854125
634,South_West_Delhi,Dhool Siras,DDA,7124.195,28.5548189,77.032465
635,South_West_Delhi,Dhool Siras,DDA,6449.715,28.5528958,77.0288128
636,South_West_Delhi,Dhool Siras,DDA,590.17,28.5531581,77.0316028
637,South_West_Delhi,Dhool Siras,DDA,6281.095,28.5555942,77.0326647
638,South_West_Delhi,Dichaun Kalan,BDO,6281.095,28.6372344,76.9829953
639,South_West_Delhi,Dichaun Kalan,BDO,4805.67,28.6383939,76.9799719
640,South_West_Delhi,Dichaun Kalan,BDO,3583.175,28.6476658,76.990925
641,South_West_Delhi,Dichaun Kalan,BDO,18843.285,28.6408828,76.9852117
642,South_West_Delhi,Dichaun Kalan,BDO,590.17,28.6475522,76.9850039
643,South_West_Delhi,Dindar Pur,BDO,4468.43,28.5924111,76.9941244
644,South_West_Delhi,Dindar Pur,BDO,16862,28.5909419,76.999515
645,South_West_Delhi,Gumanhera,BDO,8936.86,28.5343372,76.9229789
646,South_West_Delhi,Gumanhera,BDO,15555.195,28.5495536,76.9299994
647,South_West_Delhi,Gumanhera,BDO,14121.925,28.5336497,76.9282061
648,South_West_Delhi,Gumanhera,BDO,3793.95,28.5373544,76.9256519
649,South_West_Delhi,Gumanhera,BDO,4089.035,28.5345553,76.9246247
650,South_West_Delhi,Gumanhera,BDO,7082.04,28.5462017,76.91485
651,South_West_Delhi,Gumanhera,BDO,7292.815,28.5320969,76.9175286
652,South_West_Delhi,Goyla Khurd,BDO,8810.395,28.5874111,77.0081406
653,South_West_Delhi,Goyla Khurd,BDO,4763.515,28.5830239,77.0041233
654,South_West_Delhi,Galib Pur,BDO,10580.905,28.5247172,76.8836236
655,South_West_Delhi,Galib Pur,BDO,10580.905,28.5297433,76.8787014
656,South_West_Delhi,Hasanpur,BDO,7882.985,28.5565719,76.9375764
657,South_West_Delhi,Hasanpur,BDO,3878.26,28.5538161,76.9435633
658,South_West_Delhi,Haibat pur,DDA,7334.97,28.61933,76.9779033
659,South_West_Delhi,Issapur,BDO,5606.615,28.5752642,76.8669619
660,South_West_Delhi,Issapur,BDO,20571.64,28.5601267,76.8651786
661,South_West_Delhi,Issapur,BDO,10117.2,28.558505,76.8685844
662,South_West_Delhi,Issapur,BDO,8810.395,28.5587183,76.8700336
663,South_West_Delhi,Issapur,BDO,1517.58,28.5761511,76.8467422
664,South_West_Delhi,Issapur,BDO,8262.38,28.5739839,76.8549075
665,South_West_Delhi,Issapur,BDO,2824.385,28.5769714,76.8622678
666,South_West_Delhi,Jaffarpur,BDO,6576.18,28.5899717,76.9221886
667,South_West_Delhi,Jaffarpur,BDO,5100.755,28.5914231,76.9181433
668,South_West_Delhi,Jaffarpur,PWD,5437.995,28.5951456,76.9186572
669,South_West_Delhi,Jaffarpur,PWD,11213.23,28.5941417,76.9068097
670,South_West_Delhi,Jharoda Kalan,BDO,7756.52,28.6505269,76.9419494
671,South_West_Delhi,Jharoda Kalan,BDO,14712.095,28.6493636,76.9466886
672,South_West_Delhi,Jharoda Kalan,BDO,11213.23,28.6489253,76.9306394
673,South_West_Delhi,Jharoda Kalan,BDO,1433.27,28.6575372,76.9529133
674,South_West_Delhi,Jharoda Kalan,BDO,2023.44,28.6545861,76.9499717
675,South_West_Delhi,Jharoda Kalan,BDO,9653.495,28.6582775,76.9445492
676,South_West_Delhi,Jharoda Kalan,BDO,23859.73,28.6567775,76.9527781
677,South_West_Delhi,Jharoda Kalan,PWD,4131.19,28.6467208,76.9531806
678,South_West_Delhi,Jharoda Kalan,PWD,4046.88,28.6460453,76.9537708
679,South_West_Delhi,Jharoda Kalan,PWD,4046.88,28.6467075,76.9538347
680,South_West_Delhi,Jharoda Kalan,PWD,4046.88,28.6463044,76.9532778
681,South_West_Delhi,Jharoda Kalan,BDO,1517.58,28.6569364,76.9475653
682,South_West_Delhi,Jhatikra,BDO,16187.52,28.5222117,76.9635203
683,South_West_Delhi,Jhatikra,BDO,,28.5179153,76.9685214
684,South_West_Delhi,Jhatikra,BDO,5269.375,28.5194286,76.9626192
685,South_West_Delhi,Jhatikra,BDO,5817.39,28.5360894,76.9708456
686,South_West_Delhi,Jhul Jhuli,BDO,1517.58,28.5431992,76.9048089
687,South_West_Delhi,Jhul Jhuli,BDO,1686.2,28.5428886,76.9050017
688,South_West_Delhi,Jhul Jhuli,BDO,843.1,28.5356128,76.9072944
689,South_West_Delhi,Jhul Jhuli,BDO,12224.95,28.5357858,76.9016683
690,South_West_Delhi,Kakrola F/02,DDA,8093.76,28.6098344,77.0194947
691,South_West_Delhi,Kakrola F/02,DDA,13531.755,28.604955,77.0178169
692,South_West_Delhi,Kakrola F/02,DDA,1180.34,28.6143,77.0323344
693,South_West_Delhi,Kakrola F/02,DDA,14754.25,28.59373,77.0263236
694,South_West_Delhi,Kakrola F/02,DDA,18210.96,28.5944092,77.0158353
695,South_West_Delhi,Kakrola F/02,DDA,17494.325,28.5964994,77.0228017
697,South_West_Delhi,Qajipur,BDO,7672.21,28.5741828,76.8811022
700,South_West_Delhi,Kair,BDO,10833.835,28.6232056,76.9216925
701,South_West_Delhi,Kair,BDO,6070.32,28.6198608,76.9197064
702,South_West_Delhi,Kair,BDO,7166.35,28.625115,76.9193356
703,South_West_Delhi,Kair,BDO,17789.41,28.6238272,76.9157606
704,South_West_Delhi,Kair,BDO,4384.12,28.6124808,76.9160822
705,South_West_Delhi,Kair,BDO,2234.215,28.6189708,76.9281975
706,South_West_Delhi,Kair,BDO,716.635,28.6244269,76.9159544
707,South_West_Delhi,Kair,BDO,4384.12,28.6185128,76.9281683
708,South_West_Delhi,Khera Dabar,BDO,15302.265,28.5854061,76.9379881
709,South_West_Delhi,Khera Dabar,BDO,13658.22,28.586835,76.9286783
710,South_West_Delhi,Khera Dabar,BDO,8473.155,28.5896333,76.9324539
711,South_West_Delhi,Khera Dabar,BDO,84.31,28.5825367,76.9357089
712,South_West_Delhi,Khera Dabar,BDO,84.31,28.5828903,76.9356506
713,South_West_Delhi,Khera Dabar,BDO,84.31,28.5830667,76.9351711
714,South_West_Delhi,Khaira,BDO,2234.215,28.5966708,76.9708222
715,South_West_Delhi,Khaira,BDO,6997.73,28.5954125,76.9649283
716,South_West_Delhi,Khaira,BDO,4426.275,28.6002847,76.9610647
717,South_West_Delhi,Kanganheri,BDO,7925.14,28.5446606,0
718,South_West_Delhi,Kanganheri,BDO,11381.85,28.5448928,76.9887219
719,South_West_Delhi,Kanganheri,BDO,6955.575,28.5333747,76.9986697
720,South_West_Delhi,Kanganheri,BDO,3541.02,28.5480706,76.9720089
721,South_West_Delhi,Kanganheri,BDO,8009.45,28.5459356,76.9692106
722,South_West_Delhi,Kapashera,BDO,6028.165,28.5270944,77.0827128
723,South_West_Delhi,Kapashera,BDO,800.945,28.5264306,77.0831825
724,South_West_Delhi,Khar Khari jatmal,BDO,4257.655,28.5800325,76.9446514
725,South_West_Delhi,Khar Khari Nahar,BDO,1896.975,28.581135,76.9567678
726,South_West_Delhi,Khar Khari Nahar,BDO,13025.895,28.5862522,76.9630681
727,South_West_Delhi,Khar Khari Nahar,BDO,4679.205,28.5910422,76.9632089
728,South_West_Delhi,Khar Khari rond,BDO,17620.79,28.5601581,76.9372953
730,South_West_Delhi,Luharheri F/02,DDA,2993.005,28.6000303,77.0437847
731,South_West_Delhi,Malikpur Zer Nazaf Garh,BDO,126.465,28.5663756,76.8929611
732,South_West_Delhi,Malikpur Zer Nazaf Garh,BDO,126.465,28.5542725,76.9015508
733,South_West_Delhi,Malikpur Zer Nazaf Garh,BDO,210.775,28.5492044,76.8997783
734,South_West_Delhi,Masoodabad,DJB,14712.095,28.6143064,77.0011647
735,South_West_Delhi,Masoodabad,DMRC,3836.105,28.6136867,77.0020547
736,South_West_Delhi,Mitraun,BDO,7377.125,28.6074208,76.9500947
737,South_West_Delhi,Mitraun,BDO,15344.42,28.6145333,76.9483933
738,South_West_Delhi,Mitraun,BDO,8051.605,28.6072658,76.9387742
739,South_West_Delhi,Mitraun,BDO,7377.125,28.6068056,76.949955
740,South_West_Delhi,Mitraun,BDO,,28.6071092,76.9496475
741,South_West_Delhi,Mitraun,BDO,210.775,28.6067697,76.9435278
742,South_West_Delhi,Mitraun,BDO,168.62,28.6045539,76.9453278
743,South_West_Delhi,Mitraun,BDO,210.775,28.6011469,76.9422764
744,South_West_Delhi,Mitraun,BDO,210.775,28.6035372,76.9467053
745,South_West_Delhi,Mundela Kalan,BDO,6576.18,28.6106242,76.8946411
746,South_West_Delhi,Mundela Kalan,BDO,24871.45,28.606335,76.8954058
747,South_West_Delhi,Mundela Kalan,BDO,4089.035,28.6154014,76.8891058
748,South_West_Delhi,Mundela Kalan,BDO,5775.235,28.6028031,76.8990058
749,South_West_Delhi,Mundela Kalan,BDO,2908.695,28.5965881,76.8904383
750,South_West_Delhi,Mundela Khurd,BDO,16862,28.6294622,76.8909472
751,South_West_Delhi,Mundela Khurd,BDO,2234.215,28.6177206,76.8983892
752,South_West_Delhi,Mundela Khurd,BDO,758.79,28.6092344,76.9126453
753,South_West_Delhi,Mundela Khurd,BDO,20782.415,28.6190942,76.8906006
754,South_West_Delhi,Mundela Khurd,BDO,16988.465,28.6237706,76.8898222
755,South_West_Delhi,Mayapuri,PWD,,28.6298889,77.12975
756,South_West_Delhi,Nanak Heri,BDO,1644.045,28.5207111,76.9812389
757,South_West_Delhi,Nanak Heri,BDO,252.93,28.5209353,76.9856708
758,South_West_Delhi,Nanak Heri,BDO,84.31,28.5188389,76.98435
759,South_West_Delhi,Nanak Heri,BDO,3077.315,28.5206422,76.9825986
760,South_West_Delhi,Nangli Sakarwati,BDO,2950.85,28.6180942,77.0021703
761,South_West_Delhi,Nangli Sakarwati,BDO,2908.695,28.6191275,77.0001253
762,South_West_Delhi,Najafgarh F/74,DDA,12520.035,28.615645,76.9774847
763,South_West_Delhi,Najafgarh F/74,BDO,5437.995,28.6107319,76.9867594
764,South_West_Delhi,Najafgarh F/74,DDA,1517.58,28.6098775,76.9858308
765,South_West_Delhi,Najafgarh F/74,DDA,1686.2,28.6091522,76.9858144
766,South_West_Delhi,Nasirpur F/02,DDA,11761.245,28.5958639,77.0937347
767,South_West_Delhi,Nasirpur F/02,DDA,168.62,28.5973772,77.0897342
768,South_West_Delhi,Nasirpur F/02,DDA,42.155,28.6003025,77.0983953
769,South_West_Delhi,Nasirpur F/02,DDA,758.79,28.5934156,77.1016736
770,South_West_Delhi,Nasirpur F/02,DDA,6782,28.5983994,77.0870383
771,South_West_Delhi,Nawada F/02,DDA,5859.545,28.6196047,77.0303817
772,South_West_Delhi,Nawada F/02,BDO,3625.33,28.6314539,77.0279911
773,South_West_Delhi,Nawada F/02,DDA,6955.575,28.6242997,77.0472281
774,South_West_Delhi,Paprawat,BDO,210.775,28.5885778,76.9763133
775,South_West_Delhi,Paprawat,BDO,3541.02,28.5888936,76.975655
776,South_West_Delhi,Paprawat,BDO,2908.695,28.5863778,76.9782228
777,South_West_Delhi,Paprawat,BDO,14121.925,28.5848592,76.9753297
778,South_West_Delhi,Paprawat,BDO,5522.305,28.5831878,76.9770592
779,South_West_Delhi,Paprawat,BDO,18801.13,28.57956,76.9838139
780,South_West_Delhi,Paprawat,BDO,2107.75,28.5915147,76.9794133
781,South_West_Delhi,Pindwala Kalan,BDO,16187.52,28.5673514,76.9652258
782,South_West_Delhi,Pindwala Kalan,BDO,14585.63,28.5676097,76.9625481
783,South_West_Delhi,Pindwala Kalan,BDO,22721.545,28.5624006,76.95508
784,South_West_Delhi,Pindwala Khurd,BDO,4004.725,28.5541447,76.9645944
785,South_West_Delhi,Pindwala Khurd,BDO,3583.175,28.5534219,76.9639056
786,South_West_Delhi,Pindwala Khurd,BDO,4173.345,28.5519847,76.9584831
787,South_West_Delhi,Pindwala Khurd,BDO,843.1,28.5588378,76.9620442
788,South_West_Delhi,Pindwala Khurd,BDO,5480.15,28.5577564,76.9635708
789,South_West_Delhi,Pindwala Khurd,BDO,927.41,28.5678528,76.9712
790,South_West_Delhi,Palam F/02,DDA,17494.325,28.5862889,77.072485
791,South_West_Delhi,Palam F/02,DDA,11381.85,28.5909306,77.0739731
792,South_West_Delhi,Palam F/02,DDA,18210.96,28.5896369,77.0733639
793,South_West_Delhi,Palam F/02,DDA,23817.575,28.5922383,77.0775967
794,South_West_Delhi,Palam F/02,DDA,1770.51,28.5941889,77.0774925
795,South_West_Delhi,Palam F/02,DDA,13405.29,28.5914644,77.0821372
796,South_West_Delhi,Pochan Pur F/02,DDA,5733.08,28.5614442,77.0449556
797,South_West_Delhi,Pochan Pur F/02,DDA,9864.27,28.5595967,77.0442203
798,South_West_Delhi,Pochan Pur F/02,DDA,9990.735,28.5580139,77.0465967
799,South_West_Delhi,Pochan Pur F/02,DDA,52778.06,28.5623383,77.0469661
800,South_West_Delhi,Pochan Pur F/02,DDA,6154.63,28.5630611,77.0498414
801,South_West_Delhi,Radhopur,BDO,11550.47,28.5224886,77.0006808
802,South_West_Delhi,Radhopur,BDO,5395.84,28.5193636,77.0065831
803,South_West_Delhi,Radhopur,BDO,7672.21,28.5225867,77.0134453
804,South_West_Delhi,Rawta,BDO,5690.925,28.5188067,76.8899317
805,South_West_Delhi,Rawta,BDO,4974.29,28.5177883,76.9052086
806,South_West_Delhi,Rawta,BDO,2571.455,28.5150825,76.8933314
807,South_West_Delhi,Rawta,BDO,3793.95,28.5271617,76.901155
808,South_West_Delhi,Rawta,BDO,4004.725,28.5229433,76.9057567
809,South_West_Delhi,Rawta,BDO,7882.985,28.5215217,76.9015997
810,South_West_Delhi,Rewla Khan Pur,BDO,10454.44,28.5675522,76.9874675
811,South_West_Delhi,Rewla Khan Pur,BDO,6534.025,28.5702242,76.9892358
812,South_West_Delhi,Rewla Khan Pur,BDO,12772.965,28.5750686,76.9864256
813,South_West_Delhi,Rewla Khan Pur,BDO,4046.88,28.563455,76.9761339
814,South_West_Delhi,Rewla Khan Pur,BDO,2655.765,28.5651447,76.9781714
815,South_West_Delhi,Rewla Khan Pur,BDO,4552.74,28.5661594,76.9818081
816,South_West_Delhi,Rewla Khan Pur,BDO,3920.415,28.5708297,76.9946014
817,South_West_Delhi,Rewla Khan Pur,BDO,9779.96,28.5631789,76.9823972
818,South_West_Delhi,Rewla Khan Pur,BDO,1348.96,28.5589286,76.9765606
819,South_West_Delhi,Rewla Khan Pur,BDO,,28.5750128,76.9871561
820,South_West_Delhi,Roshanpura,BDO,2529.3,28.6088819,76.9859997
821,South_West_Delhi,Salahpur,BDO,4384.12,28.5163397,77.0606742
822,South_West_Delhi,Samaspur Khalsa,BDO,4426.275,28.5858806,76.9079536
823,South_West_Delhi,Samaspur Khalsa,BDO,6534.025,28.5811828,76.90078
824,South_West_Delhi,Samaspur Khalsa,BDO,13152.36,28.5801814,76.9055983
825,South_West_Delhi,Sarangpur,BDO,7419.28,28.5431761,76.8885394
826,South_West_Delhi,Shikarpur,BDO,15091.49,28.5284783,76.9564403
827,South_West_Delhi,Shikarpur,BDO,8683.93,28.5358767,76.9457092
828,South_West_Delhi,Surakh pur,BDO,3625.33,28.6232114,76.9490231
829,South_West_Delhi,Surakh pur,BDO,6070.32,28.6283911,76.9445603
830,South_West_Delhi,Surehera,BDO,43588.27,28.6056081,76.9254675
831,South_West_Delhi,Surehera,BDO,3203.78,28.6018983,76.93256
832,South_West_Delhi,Surehera,BDO,14922.87,28.6121742,76.9372433
833,South_West_Delhi,Surehera,BDO,11171.075,28.5950553,76.9394411
834,South_West_Delhi,Surehera,BDO,6028.165,28.5970403,76.9431614
835,South_West_Delhi,Tajpur Khurd,BDO,16482.605,28.5769228,77.0131069
836,South_West_Delhi,Toganpur F/02,DDA,3583.175,28.5709406,77.0587939
837,South_West_Delhi,Toganpur F/03,DDA,10201.51,28.5717747,77.0607789
838,South_West_Delhi,Ujwa,BDO,20023.625,28.5716775,76.9039389
839,South_West_Delhi,Ujwa,BDO,3836.105,28.5699033,76.9017914
840,South_West_Delhi,Ujwa,BDO,8093.76,28.5654367,76.9046214
841,South_West_Delhi,Ujwa,BDO,5058.6,28.5639194,76.9111522
842,South_West_Delhi,Ujwa,BDO,3372.4,28.5608931,76.9113142
843,South_West_Delhi,Ujwa,BDO,7587.9,28.5681447,76.9074625
844,South_West_Delhi,Ujwa,BDO,3035.16,28.5589994,76.9157572
845,South_West_Delhi,Ujwa,BDO,17620.79,28.5626236,76.9216764
846,South_West_Delhi,Ujwa,BDO,13658.22,28.5667578,76.9242308
848,West_Delhi,Bakarwala,BDO,16103.21,28.6675958,77.0132961
849,West_Delhi,Bakarwala,BDO,7672.21,28.66716,77.0168044
850,West_Delhi,Bakarwala,BDO,3541.02,28.6685247,77.0175936
851,West_Delhi,Bakarwala,BDO,1264.65,28.6698281,77.0158281
852,West_Delhi,Bakarwala,BDO,5185.065,28.6625764,77.0178961
853,West_Delhi,Bakarwala,BDO,4046.88,28.6601536,77.0047397
854,West_Delhi,Baprola,BDO,1686.2,28.6497586,77.0101519
855,West_Delhi,Baprola,BDO,7419.28,28.6433081,77.0148767
856,West_Delhi,Baprola,BDO,14922.87,28.6412639,77.0108528
857,West_Delhi,Baprola,BDO,927.41,28.6388231,77.0167475
858,West_Delhi,Baprola,BDO,843.1,28.6312689,77.0084747
859,West_Delhi,Basai Darapur Sudarshan Park,DMRC,10370.13,28.6593808,77.1365144
860,West_Delhi,Basai Darapur Sudarshan Park,MCD,37813.035,28.6538389,0
861,West_Delhi,Budhela,DDA,674.48,28.6339644,77.0726492
862,West_Delhi,Budhela,DDA,379.395,28.6391269,77.0681333
863,West_Delhi,Budhela,DDA,3709.64,28.63877,77.0686839
864,West_Delhi,Budhela,DDA,1644.045,28.6377903,77.0686383
865,West_Delhi,Garhi peeran F/89 @ Peeragarhi,MCD,14700,28.6720517,77.09552
866,West_Delhi,Garhi peeran F/89 @ Peeragarhi,DDA,4046.88,28.6781333,77.094
867,West_Delhi,Garhi peeran F/89 @ Peeragarhi,DDA,9527.03,28.6765592,77.089005
868,West_Delhi,Hastsal (partly) F/74,BDO,4721.36,28.6333442,77.0585825
869,West_Delhi,Hastsal (partly) F/75,BDO,19349.145,28.6301989,77.0555711
870,West_Delhi,Hiran Kudna,BDO,10665.215,28.6711869,77.0055986
871,West_Delhi,Hiran Kudna,BDO,8726.085,28.6712236,77.0018311
873,West_Delhi,Hiran Kudna,BDO,9948.58,28.67255,76.9959422
874,West_Delhi,Hiran Kudna,BDO,2782.23,28.6763622,76.99515
875,West_Delhi,Hiran Kudna,BDO,13911.15,28.6747511,76.9996747
877,West_Delhi,Kamruddin Nagar,BDO,,28.6778725,77.0536294
878,West_Delhi,Keshopur F/74,DDA,3414.555,28.6467506,77.0818983
879,West_Delhi,Keshopur F/75,MCD,4974.29,28.6463881,77.0789667
880,West_Delhi,Khayala,DDA,2360.68,28.6580472,77.1007986
881,West_Delhi,Khayala,DDA,6576.18,28.65085,77.102425
882,West_Delhi,Khayala,DDA,2571.455,28.6563992,77.1027022
883,West_Delhi,Madi pur F/74,DDA,19475.61,28.6691725,77.1217961
884,West_Delhi,Madi pur F/75,DDA,5142.91,28.6696706,77.1225372
885,West_Delhi,Madi pur F/76,DDA,9695.65,28.6687889,77.1225944
886,West_Delhi,Mundka,BDO,1644.045,28.6774947,77.0327167
887,West_Delhi,Mundka,BDO,13405.29,28.6773817,77.0255594
888,West_Delhi,Mundka,BDO,13700.375,28.6840881,77.0285881
889,West_Delhi,Mundka,BDO,2571.455,28.6910911,77.0189406
890,West_Delhi,Mundka,DDA,9611.34,28.6944964,77.0287369
891,West_Delhi,Mundka,MCD,4046.88,28.6802436,77.0263333
892,West_Delhi,Mundka,BDO,4046.88,28.6809892,77.0089703
893,West_Delhi,Nangloi Sayyad,DDA,9021.17,28.6600272,77.0861022
894,West_Delhi,Nangloi Jat,BDO,7250.66,28.6757317,77.0654831
895,West_Delhi,Nangloi Jat,MCD,1264.65,28.6817447,77.0627711
896,West_Delhi,Nangloi Jat,MCD,1053.875,28.6751125,77.0658875
897,West_Delhi,Neelwal,BDO,12520.035,28.6675664,76.9757444
898,West_Delhi,Neelwal,BDO,7208.505,28.6681325,76.9798994
899,West_Delhi,Nilothi,BDO,4552.74,28.6475289,77.057345
900,West_Delhi,Nagli jalib F/66,DDA,2908.695,28.6349842,77.0908019
901,West_Delhi,Ranhola @ safipur ranhola,BDO,11466.16,28.6642386,77.0510392
902,West_Delhi,Ranhola @ safipur ranhola,BDO,9274.1,28.6557803,77.0391856
903,West_Delhi,Ranhola @ safipur ranhola,BDO,3077,28.6587328,77.0367583
904,West_Delhi,Tihar,DDA,78323.99,28.6312603,77.1053644
905,West_Delhi,Tihar,MCD,4131.19,28.6333122,77.1125728
906,West_Delhi,Tihar,DDA,13911.15,28.631255,77.1104581
907,West_Delhi,Tilang pur kotla,BDO,7630.055,28.6465461,77.0281594
908,West_Delhi,Tikari Kalan,BDO,4468.43,28.6980514,76.9686483
909,West_Delhi,Tikari Kalan,BDO,8726.085,28.6876372,76.9749683
910,West_Delhi,Tikari Kalan,BDO,1728.355,28.6838769,76.9715394
911,West_Delhi,Tikari Kalan,BDO,3414.555,28.6830467,76.9736142
912,West_Delhi,Tikari Kalan,BDO,7840.83,28.6814814,76.9700861
913,West_Delhi,Tikari Kalan,BDO,126.465,28.6801733,76.9663572
914,West_Delhi,Tikari Kalan,BDO,,28.6842783,76.9681722
915,West_Delhi,Tikari Kalan,BDO,8936.86,28.6759878,76.9625153
916,West_Delhi,Tikari Kalan,BDO,4046.88,28.679675,76.9837761
917,West_Delhi,Tikari Kalan,BDO,2276.37,28.6750083,76.9795714
921,West_Delhi,Tatar pur F/66,DDA,14796.405,28.6444708,77.1150953
923,New_Delhi,Bagdola,DDA,10285.82,28.5689114,77.0744378
924,New_Delhi,Bagdola,DDA,8135.915,28.5722183,77.0719189
925,New_Delhi,Bagdola,DDA,,28.573165,77.07072
926,New_Delhi,Bagdola,DDA,11339.695,28.5713981,77.0730156
927,New_Delhi,Dasgraha,DDA,27680,28.6239478,77.1613
928,New_Delhi,Ghitorni,BDO,15133.645,28.4939461,77.1401964
929,New_Delhi,Kusumpuri Pahari,DDA,2824.385,28.5553936,77.1548217
930,New_Delhi,Kusumpuri Pahari,DDA,379.395,28.5464886,77.1490619
931,New_Delhi,Kusumpuri Pahari,DDA,337.24,28.5472531,77.1498569
937,New_Delhi,Masoodpur,DDA,33976.93,28.5275064,77.1558044
938,New_Delhi,Mohd. Pur munirka F/66,MCD,7039.885,28.5526461,77.1717886
939,New_Delhi,Mohd. Pur munirka F/66,DDA,12267.105,28.5553525,77.1660894
940,New_Delhi,Mohd. Pur munirka F/66,DDA,6407.56,28.5678008,77.1906692
941,New_Delhi,Mohd. Pur munirka F/66,DDA,1222.495,28.568135,77.18787
942,New_Delhi,Munirka F/66,DDA,16988.465,28.5782472,77.1722056
943,New_Delhi,Munirka F/66,DDA,20782.415,28.5762989,77.1758919
944,New_Delhi,Mahipalpur F/89,DDA,23817.575,28.5466914,77.1297014
945,New_Delhi,Mahipalpur F/89,DDA,3625.33,28.5512606,77.1321664
946,New_Delhi,Mahipalpur F/89,DDA,8093.76,28.5545167,77.1333447
947,New_Delhi,Mahipalpur F/89,DDA,,28.547315,77.1451736
948,New_Delhi,Mahipalpur F/89,DDA,,28.5540111,77.1340008
949,New_Delhi,Nangal Dewat,DDA,19981.47,28.5523133,77.0893528
950,New_Delhi,Nangal Dewat,DDA,24281.28,28.5525017,77.10179
951,New_Delhi,Nangal Raya F/66,DDA,6323.25,28.604615,77.1087622
952,New_Delhi,Naraina F/66,DDA,,28.6204389,77.1442222
953,New_Delhi,Naraina F/66,PWD,9611.34,28.6286439,77.1315789
954,New_Delhi,Posangipur F/66,DDA,1770.51,28.6260375,77.0745286
955,New_Delhi,Rajokari,BDO,1686.2,28.5271408,77.1122964
956,New_Delhi,Rajokari,BDO,4763.515,28.5081569,77.0994203
957,New_Delhi,Rajokari,BDO,3836.105,28.5153642,77.1126586
958,New_Delhi,Rajokari,BDO,11424.005,28.5112114,77.1151236
959,New_Delhi,Rajokari,BDO,9442.72,28.5124,77.1194189
960,New_Delhi,Rajokari,Forest,27653.68,28.5104272,77.1140222
961,New_Delhi,Rajokari,BDO,16187.52,28.5152994,77.1178214
962,New_Delhi,Rajokari,BDO,885.255,28.5055906,77.1069094
963,New_Delhi,Rajokari,Forest,3667.485,28.5086153,77.1132761
964,New_Delhi,Rajokari,Forest,1601.89,28.5072533,77.1280817
965,New_Delhi,Rajokari,BDO,34482.79,28.5186781,77.1069664
966,New_Delhi,Rang Puri,BDO,5437.995,28.5425239,77.1193481
967,New_Delhi,Rang Puri,BDO,10623.06,28.5341203,77.1194281
968,New_Delhi,Rang Puri,BDO,8093.76,28.5335625,77.1271575
969,New_Delhi,Rang Puri,BDO,24281.28,28.5299703,77.1327597
970,New_Delhi,Rang Puri,DDA,2740.075,28.5363492,77.1472525
971,New_Delhi,Rang Puri,DDA,5058.6,28.5364817,77.14695
972,New_Delhi,Rang Puri,DDA,5859.545,28.5357706,77.1467844
973,New_Delhi,Samalkha,BDO,6660.49,28.5301875,77.1065797
974,New_Delhi,Samalkha,BDO,,28.52241,77.0996458
975,New_Delhi,Samalkha,BDO,4763.515,28.5315775,77.1116403
976,New_Delhi,Samalkha,PWD,22089.22,28.5323611,77.08586
977,New_Delhi,Samalkha,MCD,8726.085,28.5355414,77.0874506
978,New_Delhi,Samalkha,BDO,7124.195,28.5303369,77.0951986
979,New_Delhi,Samalkha,BDO,6112.475,28.5226344,77.0989594
980,New_Delhi,Shahbad Mohd.Pur F/02,DDA,10623.06,28.5613753,77.0564594
981,New_Delhi,Shahbad Mohd.Pur F/02,DDA,24323.435,28.5562333,77.0675167
982,New_Delhi,Shahbad Mohd.Pur F/02,DDA,26389.03,28.5557308,77.0694742
983,New_Delhi,Shahbad Mohd.Pur F/02,DDA,,28.5579803,77.0686358
984,New_Delhi,"Uggersen Ki Baoli, Cannaught Place (area 435 sq.metrs.)",ASI,435,28.6261292,77.2252111
986,Central_Delhi,Burari (4) and Kamal pur majra burari,BDO,10749.525,28.7564061,77.1960181
987,Central_Delhi,Burari (4) and Kamal pur majra burari,BDO,19897.16,28.7516108,77.1924847
988,Central_Delhi,Burari (4) and Kamal pur majra burari,BDO,23691.11,28.7560933,77.1913492
989,Central_Delhi,Burari (4) and Kamal pur majra burari,BDO,13658.22,28.759345,77.1961728
992,Central_Delhi,Dhoula Kuan,DDA,58900,28.5914333,77.1622667
993,Central_Delhi,Jagatpur delhi,DDA,1264.65,28.74205,77.2267056
994,Central_Delhi,Jagatpur shahdara,BDO,,28.7401778,77.2384833
996,Central_Delhi,K.N. ridge Khuni jheel,DDA,,28.6806883,77.2169342
997,Central_Delhi,"Jharoda Majra, Burari,",DDA,6500,28.7342158,77.2148133
998,Central_Delhi,Mukandpur,BDO,7039.885,28.7394619,77.1839825
999,Central_Delhi,Nimari F/74,MCD,,28.6532569,77.1783492
1000,Central_Delhi,Sadhora Khurd F/74,DDA,12435.725,28.7285172,77.1881461
1001,Central_Delhi,Sanjarpur,BDO,,28.7285167,77.1881472
1002,Central_Delhi,Salempur majra (burari),BDO,,28.6729722,77.25935
1003,Central_Delhi,Purana quila (1),DDA,,28.7285172,77.1881472
1005,Central_Delhi,Zoo Lake,DDA,,28.6011556,77.2493806
1006,Central_Delhi,Timarpur,BDO,,28.6011556,28.695875
1007,Central_Delhi,Firozshah Kotla Baoli,ASI,876,28.6359831,77.2446658
1008,Central_Delhi,Red Fort Baoli,ASI,597,28.6533283,77.2394972
1009,Central_Delhi,Wazirabad F/89,DDA,,28.7213139,77.2238639
